,urls
0,https://www.seek.com.au/job/37356322?type=promoted
1,https://www.seek.com.au/job/37356324?type=promoted
2,https://www.seek.com.au/job/37534874?type=standout
3,https://www.seek.com.au/job/37526372?type=standard
4,https://www.seek.com.au/job/37526371?type=standard
5,https://www.seek.com.au/job/37523326?type=standard
6,https://www.seek.com.au/job/37496879?type=standard
7,https://www.seek.com.au/job/37496878?type=standard
8,https://www.seek.com.au/job/37514926?type=standout
9,https://www.seek.com.au/job/37500977?type=standout
10,https://www.seek.com.au/job/37500976?type=standout
11,https://www.seek.com.au/job/37504057?type=standout
12,https://www.seek.com.au/job/37504058?type=standout
13,https://www.seek.com.au/job/37494852?type=standard
14,https://www.seek.com.au/job/37488561?type=standard
15,https://www.seek.com.au/job/37496511?type=standard
16,https://www.seek.com.au/job/37481726?type=standout
17,https://www.seek.com.au/job/37476100?type=standout
18,https://www.seek.com.au/job/37474600?type=standard
19,https://www.seek.com.au/job/37472488?type=standard
20,https://www.seek.com.au/job/37468644?type=standard
21,https://www.seek.com.au/job/37439346?type=standard
22,https://www.seek.com.au/job/37440471?type=standout
23,https://www.seek.com.au/job/37428690?type=standard
24,https://www.seek.com.au/job/37428985?type=standard
25,https://www.seek.com.au/job/37417688?type=standard
26,https://www.seek.com.au/job/37402812?type=standard
27,https://www.seek.com.au/job/37388007?type=standout
28,https://www.seek.com.au/job/37383851?type=standout
29,https://www.seek.com.au/job/37371542?type=standard
30,https://www.seek.com.au/job/37356803?type=standard
31,https://www.seek.com.au/job/37353685?type=standard
32,https://www.seek.com.au/job/37352461?type=standard
33,https://www.seek.com.au/job/37509273?type=standout
34,https://www.seek.com.au/job/37472706?type=standard
35,https://www.seek.com.au/job/37404314?type=standout
36,https://www.seek.com.au/job/37404315?type=standout
37,https://www.seek.com.au/job/37535549?type=standard
38,https://www.seek.com.au/job/37337926?type=standard
39,https://www.seek.com.au/job/37430175?type=standout
40,https://www.seek.com.au/job/37532531?type=standout
41,https://www.seek.com.au/job/37536939?type=standout
42,https://www.seek.com.au/job/37528559?type=standout
43,https://www.seek.com.au/job/37504434?type=standout
44,https://www.seek.com.au/job/37525315?type=standout
45,https://www.seek.com.au/job/37386211?type=standard
46,https://www.seek.com.au/job/37436554?type=standard
47,https://www.seek.com.au/job/37530369?type=standard
48,https://www.seek.com.au/job/37460977?type=standard
49,https://www.seek.com.au/job/37379188?type=standout
50,https://www.seek.com.au/job/37513645?type=standout
51,https://www.seek.com.au/job/37512942?type=standout
52,https://www.seek.com.au/job/37512024?type=standout
53,https://www.seek.com.au/job/37502197?type=standard
54,https://www.seek.com.au/job/37497607?type=standard
55,https://www.seek.com.au/job/37494485?type=standout
56,https://www.seek.com.au/job/37490054?type=standard
57,https://www.seek.com.au/job/37411124?type=standard
58,https://www.seek.com.au/job/37466061?type=standout
59,https://www.seek.com.au/job/37465911?type=standout
60,https://www.seek.com.au/job/37490437?type=standout
61,https://www.seek.com.au/job/37472408?type=standard
62,https://www.seek.com.au/job/37468231?type=standard
63,https://www.seek.com.au/job/37510549?type=standard
64,https://www.seek.com.au/job/37510548?type=standard
65,https://www.seek.com.au/job/37510349?type=standard
66,https://www.seek.com.au/job/37510350?type=standard
67,https://www.seek.com.au/job/37537878?type=standout
68,https://www.seek.com.au/job/37537800?type=standard
69,https://www.seek.com.au/job/37537650?type=standout
70,https://www.seek.com.au/job/37536466?type=standout
71,https://www.seek.com.au/job/37536060?type=standard
72,https://www.seek.com.au/job/37536227?type=standout
73,https://www.seek.com.au/job/37387665?type=standard
74,https://www.seek.com.au/job/37470931?type=standout
75,https://www.seek.com.au/job/37463233?type=standard
76,https://www.seek.com.au/job/37535375?type=standard
77,https://www.seek.com.au/job/37535070?type=standout
78,https://www.seek.com.au/job/37535307?type=standout
79,https://www.seek.com.au/job/37534880?type=standout
80,https://www.seek.com.au/job/37534775?type=standard
81,https://www.seek.com.au/job/37490630?type=standard
82,https://www.seek.com.au/job/37534460?type=standard
83,https://www.seek.com.au/job/37489315?type=standout
84,https://www.seek.com.au/job/37534404?type=standout
85,https://www.seek.com.au/job/37534489?type=standout
86,https://www.seek.com.au/job/37533982?type=standard
87,https://www.seek.com.au/job/37534284?type=standout
88,https://www.seek.com.au/job/37534096?type=standard
89,https://www.seek.com.au/job/37533732?type=standout
90,https://www.seek.com.au/job/37453510?type=standout
91,https://www.seek.com.au/job/37533481?type=standout
92,https://www.seek.com.au/job/37498101?type=standout
93,https://www.seek.com.au/job/37533240?type=standard
94,https://www.seek.com.au/job/37532572?type=standard
95,https://www.seek.com.au/job/37494511?type=standard
96,https://www.seek.com.au/job/37493991?type=standard
97,https://www.seek.com.au/job/37532017?type=standard
98,https://www.seek.com.au/job/37532237?type=standard
99,https://www.seek.com.au/job/37532236?type=standard
100,https://www.seek.com.au/job/37532235?type=standard
101,https://www.seek.com.au/job/37459592?type=standout
102,https://www.seek.com.au/job/37488044?type=standard
103,https://www.seek.com.au/job/37488006?type=standard
104,https://www.seek.com.au/job/37470737?type=standard
105,https://www.seek.com.au/job/37531418?type=standout
106,https://www.seek.com.au/job/37444357?type=standout
107,https://www.seek.com.au/job/37444356?type=standout
108,https://www.seek.com.au/job/37531396?type=standard
109,https://www.seek.com.au/job/37531372?type=standard
110,https://www.seek.com.au/job/37531373?type=standard
111,https://www.seek.com.au/job/37531462?type=standout
112,https://www.seek.com.au/job/37463078?type=standard
113,https://www.seek.com.au/job/37350431?type=standout
114,https://www.seek.com.au/job/37475914?type=standard
115,https://www.seek.com.au/job/37474493?type=standard
116,https://www.seek.com.au/job/37471704?type=standard
117,https://www.seek.com.au/job/37467092?type=standout
118,https://www.seek.com.au/job/37466963?type=standout
119,https://www.seek.com.au/job/37436152?type=standard
120,https://www.seek.com.au/job/37466247?type=standout
121,https://www.seek.com.au/job/37466248?type=standout
122,https://www.seek.com.au/job/37483433?type=standard
123,https://www.seek.com.au/job/37464567?type=standout
124,https://www.seek.com.au/job/37477494?type=standout
125,https://www.seek.com.au/job/37477493?type=standout
126,https://www.seek.com.au/job/37446892?type=standard
127,https://www.seek.com.au/job/37444077?type=standout
128,https://www.seek.com.au/job/37425628?type=standout
129,https://www.seek.com.au/job/37421281?type=standard
130,https://www.seek.com.au/job/37454837?type=standout
131,https://www.seek.com.au/job/37453414?type=standard
132,https://www.seek.com.au/job/37430625?type=standard
133,https://www.seek.com.au/job/37530444?type=standard
134,https://www.seek.com.au/job/37530424?type=standard
135,https://www.seek.com.au/job/37426709?type=standard
136,https://www.seek.com.au/job/37455050?type=standard
137,https://www.seek.com.au/job/37455051?type=standard
138,https://www.seek.com.au/job/37457009?type=standard
139,https://www.seek.com.au/job/37443920?type=standout
140,https://www.seek.com.au/job/37453785?type=standard
141,https://www.seek.com.au/job/37530078?type=standout
142,https://www.seek.com.au/job/37530029?type=standout
143,https://www.seek.com.au/job/37529778?type=standout
144,https://www.seek.com.au/job/37529779?type=standout
145,https://www.seek.com.au/job/37529777?type=standout
146,https://www.seek.com.au/job/37529624?type=standout
147,https://www.seek.com.au/job/37529571?type=standard
148,https://www.seek.com.au/job/37529379?type=standard
149,https://www.seek.com.au/job/37529354?type=standout
150,https://www.seek.com.au/job/37529357?type=standard
151,https://www.seek.com.au/job/37529471?type=standard
152,https://www.seek.com.au/job/37528606?type=standout
153,https://www.seek.com.au/job/37528317?type=standard
154,https://www.seek.com.au/job/37529166?type=standard
155,https://www.seek.com.au/job/37528194?type=standard
156,https://www.seek.com.au/job/37528191?type=standard
157,https://www.seek.com.au/job/37528073?type=standout
158,https://www.seek.com.au/job/37528100?type=standard
159,https://www.seek.com.au/job/37527906?type=standout
160,https://www.seek.com.au/job/37528654?type=standard
161,https://www.seek.com.au/job/37527598?type=standout
162,https://www.seek.com.au/job/37527484?type=standout
163,https://www.seek.com.au/job/37527482?type=standout
164,https://www.seek.com.au/job/37197696?type=standard
165,https://www.seek.com.au/job/37527289?type=standard
166,https://www.seek.com.au/job/37528221?type=standard
167,https://www.seek.com.au/job/37528289?type=standout
168,https://www.seek.com.au/job/37527077?type=standard
169,https://www.seek.com.au/job/37527964?type=standout
170,https://www.seek.com.au/job/37527784?type=standout
171,https://www.seek.com.au/job/37526663?type=standout
172,https://www.seek.com.au/job/37526284?type=standard
173,https://www.seek.com.au/job/37525823?type=standout
174,https://www.seek.com.au/job/37525557?type=standout
175,https://www.seek.com.au/job/37446277?type=standout
176,https://www.seek.com.au/job/37446276?type=standout
177,https://www.seek.com.au/job/37525465?type=standard
178,https://www.seek.com.au/job/37525345?type=standard
179,https://www.seek.com.au/job/37526230?type=standout
180,https://www.seek.com.au/job/37525156?type=standout
181,https://www.seek.com.au/job/37526162?type=standout
182,https://www.seek.com.au/job/37524787?type=standard
183,https://www.seek.com.au/job/37524786?type=standard
184,https://www.seek.com.au/job/37525226?type=standard
185,https://www.seek.com.au/job/37432860?type=standard
186,https://www.seek.com.au/job/37443593?type=standout
187,https://www.seek.com.au/job/37523831?type=standard
188,https://www.seek.com.au/job/37523719?type=standout
189,https://www.seek.com.au/job/37523642?type=standout
190,https://www.seek.com.au/job/37523548?type=standout
191,https://www.seek.com.au/job/37524304?type=standard
192,https://www.seek.com.au/job/37523073?type=standard
193,https://www.seek.com.au/job/37524313?type=standout
194,https://www.seek.com.au/job/37523887?type=standout
195,https://www.seek.com.au/job/37523398?type=standout
196,https://www.seek.com.au/job/37523244?type=standard
197,https://www.seek.com.au/job/37523387?type=standard
198,https://www.seek.com.au/job/37516243?type=standout
199,https://www.seek.com.au/job/37521506?type=standout
200,https://www.seek.com.au/job/37435413?type=standard
201,https://www.seek.com.au/job/37521879?type=standout
202,https://www.seek.com.au/job/37521111?type=standard
203,https://www.seek.com.au/job/37521108?type=standard
204,https://www.seek.com.au/job/37521581?type=standard
205,https://www.seek.com.au/job/37521060?type=standout
206,https://www.seek.com.au/job/37521124?type=standard
207,https://www.seek.com.au/job/37521120?type=standard
208,https://www.seek.com.au/job/37521119?type=standard
209,https://www.seek.com.au/job/37521116?type=standard
210,https://www.seek.com.au/job/37404756?type=standout
211,https://www.seek.com.au/job/37520690?type=standard
212,https://www.seek.com.au/job/37326303?type=standard
213,https://www.seek.com.au/job/37520327?type=standout
214,https://www.seek.com.au/job/37520326?type=standout
215,https://www.seek.com.au/job/37520308?type=standout
216,https://www.seek.com.au/job/37509390?type=standout
217,https://www.seek.com.au/job/37422044?type=standard
218,https://www.seek.com.au/job/37520161?type=standard
219,https://www.seek.com.au/job/37419450?type=standard
220,https://www.seek.com.au/job/37401799?type=standout
221,https://www.seek.com.au/job/37401221?type=standout
222,https://www.seek.com.au/job/37397839?type=standout
223,https://www.seek.com.au/job/37493529?type=standout
224,https://www.seek.com.au/job/37493528?type=standout
225,https://www.seek.com.au/job/37518774?type=standard
226,https://www.seek.com.au/job/37407826?type=standard
227,https://www.seek.com.au/job/37518548?type=standard
228,https://www.seek.com.au/job/37518452?type=standard
229,https://www.seek.com.au/job/37518291?type=standout
230,https://www.seek.com.au/job/37517421?type=standard
231,https://www.seek.com.au/job/37517090?type=standard
232,https://www.seek.com.au/job/37516365?type=standard
233,https://www.seek.com.au/job/37516227?type=standard
234,https://www.seek.com.au/job/37516226?type=standard
235,https://www.seek.com.au/job/37516213?type=standard
236,https://www.seek.com.au/job/37516109?type=standard
237,https://www.seek.com.au/job/37516096?type=standard
238,https://www.seek.com.au/job/37516095?type=standard
239,https://www.seek.com.au/job/37516022?type=standout
240,https://www.seek.com.au/job/37515970?type=standout
241,https://www.seek.com.au/job/37514713?type=standard
242,https://www.seek.com.au/job/37514790?type=standout
243,https://www.seek.com.au/job/37514670?type=standard
244,https://www.seek.com.au/job/37514535?type=standard
245,https://www.seek.com.au/job/37514451?type=standout
246,https://www.seek.com.au/job/37514448?type=standard
247,https://www.seek.com.au/job/37514083?type=standard
248,https://www.seek.com.au/job/37513689?type=standout
249,https://www.seek.com.au/job/37512832?type=standout
250,https://www.seek.com.au/job/37512433?type=standard
251,https://www.seek.com.au/job/37512504?type=standard
252,https://www.seek.com.au/job/37512505?type=standard
253,https://www.seek.com.au/job/37517469?type=standard
254,https://www.seek.com.au/job/37512111?type=standard
255,https://www.seek.com.au/job/37400217?type=standout
256,https://www.seek.com.au/job/37516420?type=standard
257,https://www.seek.com.au/job/37516684?type=standard
258,https://www.seek.com.au/job/37511074?type=standout
259,https://www.seek.com.au/job/37515237?type=standout
260,https://www.seek.com.au/job/37510825?type=standard
261,https://www.seek.com.au/job/37514827?type=standard
262,https://www.seek.com.au/job/37514789?type=standout
263,https://www.seek.com.au/job/37515203?type=standard
264,https://www.seek.com.au/job/37515168?type=standout
265,https://www.seek.com.au/job/37510076?type=standard
266,https://www.seek.com.au/job/37514457?type=standard
267,https://www.seek.com.au/job/37514371?type=standard
268,https://www.seek.com.au/job/37513165?type=standard
269,https://www.seek.com.au/job/37413656?type=standard
270,https://www.seek.com.au/job/37508880?type=standard
271,https://www.seek.com.au/job/37512148?type=standard
272,https://www.seek.com.au/job/37512123?type=standard
273,https://www.seek.com.au/job/37508135?type=standout
274,https://www.seek.com.au/job/37512140?type=standard
275,https://www.seek.com.au/job/37507968?type=standard
276,https://www.seek.com.au/job/37510393?type=standout
277,https://www.seek.com.au/job/37510705?type=standout
278,https://www.seek.com.au/job/37510375?type=standout
279,https://www.seek.com.au/job/37509189?type=standard
280,https://www.seek.com.au/job/37398889?type=standout
281,https://www.seek.com.au/job/37508985?type=standard
282,https://www.seek.com.au/job/37508566?type=standard
283,https://www.seek.com.au/job/37507540?type=standout
284,https://www.seek.com.au/job/37507527?type=standout
285,https://www.seek.com.au/job/37507258?type=standout
286,https://www.seek.com.au/job/37506987?type=standout
287,https://www.seek.com.au/job/37506720?type=standard
288,https://www.seek.com.au/job/37506125?type=standard
289,https://www.seek.com.au/job/37506102?type=standard
290,https://www.seek.com.au/job/37506079?type=standard
291,https://www.seek.com.au/job/37505801?type=standard
292,https://www.seek.com.au/job/37505780?type=standard
293,https://www.seek.com.au/job/37505690?type=standout
294,https://www.seek.com.au/job/37505452?type=standout
295,https://www.seek.com.au/job/37505400?type=standout
296,https://www.seek.com.au/job/37505126?type=standout
297,https://www.seek.com.au/job/37504737?type=standard
298,https://www.seek.com.au/job/37504389?type=standout
299,https://www.seek.com.au/job/37503782?type=standard
300,https://www.seek.com.au/job/37503755?type=standard
301,https://www.seek.com.au/job/37503490?type=standard
302,https://www.seek.com.au/job/37503480?type=standard
303,https://www.seek.com.au/job/37503129?type=standout
304,https://www.seek.com.au/job/37502878?type=standard
305,https://www.seek.com.au/job/37502821?type=standard
306,https://www.seek.com.au/job/37502469?type=standard
307,https://www.seek.com.au/job/37502463?type=standard
308,https://www.seek.com.au/job/37502202?type=standout
309,https://www.seek.com.au/job/37501762?type=standout
310,https://www.seek.com.au/job/37506201?type=standard
311,https://www.seek.com.au/job/37506200?type=standard
312,https://www.seek.com.au/job/37501446?type=standard
313,https://www.seek.com.au/job/37501491?type=standout
314,https://www.seek.com.au/job/37505871?type=standard
315,https://www.seek.com.au/job/37505855?type=standout
316,https://www.seek.com.au/job/37500697?type=standard
317,https://www.seek.com.au/job/37500695?type=standard
318,https://www.seek.com.au/job/37500693?type=standard
319,https://www.seek.com.au/job/37500694?type=standard
320,https://www.seek.com.au/job/37500696?type=standard
321,https://www.seek.com.au/job/37500692?type=standard
322,https://www.seek.com.au/job/37500368?type=standard
323,https://www.seek.com.au/job/37498226?type=standout
324,https://www.seek.com.au/job/37498225?type=standout
325,https://www.seek.com.au/job/37498169?type=standout
326,https://www.seek.com.au/job/37503560?type=standard
327,https://www.seek.com.au/job/37502548?type=standout
328,https://www.seek.com.au/job/37502549?type=standout
329,https://www.seek.com.au/job/37381099?type=standard
330,https://www.seek.com.au/job/37497546?type=standout
331,https://www.seek.com.au/job/37501194?type=standout
332,https://www.seek.com.au/job/37500057?type=standout
333,https://www.seek.com.au/job/37500266?type=standard
334,https://www.seek.com.au/job/37498190?type=standard
335,https://www.seek.com.au/job/37495914?type=standout
336,https://www.seek.com.au/job/37495372?type=standard
337,https://www.seek.com.au/job/37495416?type=standard
338,https://www.seek.com.au/job/37495406?type=standard
339,https://www.seek.com.au/job/37495377?type=standard
340,https://www.seek.com.au/job/37495108?type=standard
341,https://www.seek.com.au/job/37494541?type=standard
342,https://www.seek.com.au/job/37494139?type=standard
343,https://www.seek.com.au/job/37494130?type=standout
344,https://www.seek.com.au/job/37332508?type=standard
345,https://www.seek.com.au/job/37492793?type=standard
346,https://www.seek.com.au/job/37492326?type=standout
347,https://www.seek.com.au/job/37491598?type=standard
348,https://www.seek.com.au/job/37491576?type=standout
349,https://www.seek.com.au/job/37491365?type=standard
350,https://www.seek.com.au/job/37491271?type=standard
351,https://www.seek.com.au/job/37496060?type=standout
352,https://www.seek.com.au/job/37495632?type=standard
353,https://www.seek.com.au/job/37490818?type=standard
354,https://www.seek.com.au/job/37496112?type=standout
355,https://www.seek.com.au/job/37490349?type=standard
356,https://www.seek.com.au/job/37490219?type=standard
357,https://www.seek.com.au/job/37494909?type=standout
358,https://www.seek.com.au/job/37489986?type=standard
359,https://www.seek.com.au/job/37489983?type=standard
360,https://www.seek.com.au/job/37489579?type=standout
361,https://www.seek.com.au/job/37489569?type=standout
362,https://www.seek.com.au/job/37489561?type=standout
363,https://www.seek.com.au/job/37489536?type=standout
364,https://www.seek.com.au/job/37489226?type=standout
365,https://www.seek.com.au/job/37488774?type=standout
366,https://www.seek.com.au/job/37493447?type=standout
367,https://www.seek.com.au/job/37488677?type=standard
368,https://www.seek.com.au/job/37488453?type=standout
369,https://www.seek.com.au/job/37493357?type=standard
370,https://www.seek.com.au/job/37492755?type=standout
371,https://www.seek.com.au/job/37493592?type=standard
372,https://www.seek.com.au/job/37488123?type=standard
373,https://www.seek.com.au/job/37487984?type=standard
374,https://www.seek.com.au/job/37487849?type=standard
375,https://www.seek.com.au/job/37487768?type=standard
376,https://www.seek.com.au/job/37487256?type=standard
377,https://www.seek.com.au/job/37491751?type=standard
378,https://www.seek.com.au/job/37490721?type=standout
379,https://www.seek.com.au/job/37490500?type=standout
380,https://www.seek.com.au/job/37489064?type=standard
381,https://www.seek.com.au/job/37488511?type=standout
382,https://www.seek.com.au/job/37486428?type=standout
383,https://www.seek.com.au/job/37486412?type=standard
384,https://www.seek.com.au/job/37486137?type=standout
385,https://www.seek.com.au/job/37485524?type=standard
386,https://www.seek.com.au/job/37370140?type=standout
387,https://www.seek.com.au/job/37484964?type=standard
388,https://www.seek.com.au/job/37484092?type=standard
389,https://www.seek.com.au/job/37483638?type=standard
390,https://www.seek.com.au/job/37483264?type=standard
391,https://www.seek.com.au/job/37483250?type=standout
392,https://www.seek.com.au/job/37483237?type=standard
393,https://www.seek.com.au/job/37482311?type=standard
394,https://www.seek.com.au/job/37482154?type=standout
395,https://www.seek.com.au/job/37481562?type=standard
396,https://www.seek.com.au/job/37481238?type=standard
397,https://www.seek.com.au/job/37481199?type=standout
398,https://www.seek.com.au/job/37480665?type=standard
399,https://www.seek.com.au/job/37480755?type=standard
400,https://www.seek.com.au/job/37480574?type=standout
401,https://www.seek.com.au/job/37480198?type=standout
402,https://www.seek.com.au/job/37480018?type=standout
403,https://www.seek.com.au/job/37479904?type=standout
404,https://www.seek.com.au/job/37479714?type=standout
405,https://www.seek.com.au/job/37479715?type=standout
406,https://www.seek.com.au/job/37479380?type=standout
407,https://www.seek.com.au/job/37479352?type=standard
408,https://www.seek.com.au/job/37479009?type=standout
409,https://www.seek.com.au/job/37478762?type=standout
410,https://www.seek.com.au/job/37478451?type=standard
411,https://www.seek.com.au/job/37483584?type=standard
412,https://www.seek.com.au/job/37477486?type=standard
413,https://www.seek.com.au/job/37326158?type=standout
414,https://www.seek.com.au/job/37482136?type=standout
415,https://www.seek.com.au/job/37481617?type=standard
416,https://www.seek.com.au/job/37476255?type=standout
417,https://www.seek.com.au/job/37476223?type=standout
418,https://www.seek.com.au/job/37475927?type=standard
419,https://www.seek.com.au/job/37376352?type=standout
420,https://www.seek.com.au/job/37475574?type=standard
421,https://www.seek.com.au/job/37475707?type=standard
422,https://www.seek.com.au/job/37480798?type=standard
423,https://www.seek.com.au/job/37474466?type=standout
424,https://www.seek.com.au/job/37474465?type=standout
425,https://www.seek.com.au/job/37376351?type=standout
426,https://www.seek.com.au/job/37473851?type=standard
427,https://www.seek.com.au/job/37478097?type=standard
428,https://www.seek.com.au/job/37478194?type=standout
429,https://www.seek.com.au/job/37476820?type=standard
430,https://www.seek.com.au/job/37476819?type=standard
431,https://www.seek.com.au/job/37398659?type=standard
432,https://www.seek.com.au/job/37476588?type=standard
433,https://www.seek.com.au/job/37476587?type=standard
434,https://www.seek.com.au/job/37475477?type=standard
435,https://www.seek.com.au/job/37257023?type=standard
436,https://www.seek.com.au/job/37474764?type=standout
437,https://www.seek.com.au/job/37473535?type=standout
438,https://www.seek.com.au/job/37472608?type=standard
439,https://www.seek.com.au/job/37472606?type=standard
440,https://www.seek.com.au/job/37472028?type=standout
441,https://www.seek.com.au/job/37472995?type=standout
442,https://www.seek.com.au/job/37471224?type=standout
443,https://www.seek.com.au/job/37470776?type=standout
444,https://www.seek.com.au/job/37470418?type=standout
445,https://www.seek.com.au/job/37469889?type=standard
446,https://www.seek.com.au/job/37469767?type=standout
447,https://www.seek.com.au/job/37469191?type=standard
448,https://www.seek.com.au/job/37472439?type=standout
449,https://www.seek.com.au/job/37468900?type=standout
450,https://www.seek.com.au/job/37468592?type=standard
451,https://www.seek.com.au/job/37468148?type=standout
452,https://www.seek.com.au/job/37467858?type=standard
453,https://www.seek.com.au/job/37467857?type=standard
454,https://www.seek.com.au/job/37467707?type=standard
455,https://www.seek.com.au/job/37466444?type=standard
456,https://www.seek.com.au/job/37466232?type=standout
457,https://www.seek.com.au/job/37306231?type=standard
458,https://www.seek.com.au/job/37469317?type=standard
459,https://www.seek.com.au/job/37403880?type=standout
460,https://www.seek.com.au/job/37538319?type=standard
461,https://www.seek.com.au/job/37533737?type=standard
462,https://www.seek.com.au/job/37523713?type=standout
463,https://www.seek.com.au/job/37523013?type=standout
464,https://www.seek.com.au/job/37531428?type=standout
465,https://www.seek.com.au/job/37431137?type=standout
466,https://www.seek.com.au/job/37388850?type=standard
467,https://www.seek.com.au/job/37483623?type=standard
468,https://www.seek.com.au/job/37345680?type=standout
469,https://www.seek.com.au/job/37468923?type=standard
470,https://www.seek.com.au/job/37468905?type=standard
471,https://www.seek.com.au/job/37468904?type=standard
472,https://www.seek.com.au/job/37463632?type=standard
473,https://www.seek.com.au/job/37463320?type=standout
474,https://www.seek.com.au/job/37463168?type=standard
475,https://www.seek.com.au/job/37467856?type=standard
476,https://www.seek.com.au/job/37462738?type=standard
477,https://www.seek.com.au/job/37465890?type=standard
478,https://www.seek.com.au/job/37464018?type=standout
479,https://www.seek.com.au/job/37463984?type=standout
480,https://www.seek.com.au/job/37464268?type=standout
481,https://www.seek.com.au/job/37464267?type=standout
482,https://www.seek.com.au/job/37463843?type=standout
483,https://www.seek.com.au/job/37383220?type=standard
484,https://www.seek.com.au/job/37390214?type=standard
485,https://www.seek.com.au/job/37435417?type=standard
486,https://www.seek.com.au/job/37494339?type=standard
487,https://www.seek.com.au/job/37352758?type=standout
488,https://www.seek.com.au/job/37455284?type=standard
489,https://www.seek.com.au/job/37384284?type=standard
490,https://www.seek.com.au/job/37383128?type=standard
491,https://www.seek.com.au/job/37414057?type=standard
492,https://www.seek.com.au/job/37305614?type=standard
493,https://www.seek.com.au/job/37364261?type=standard
494,https://www.seek.com.au/job/37425064?type=standout
495,https://www.seek.com.au/job/37323480?type=standout
496,https://www.seek.com.au/job/37499299?type=standard
497,https://www.seek.com.au/job/37436990?type=standout
498,https://www.seek.com.au/job/37356324?type=standout
499,https://www.seek.com.au/job/37356322?type=standout
500,https://www.seek.com.au/job/37458295?type=standard
501,https://www.seek.com.au/job/37458288?type=standard
502,https://www.seek.com.au/job/37457480?type=standard
503,https://www.seek.com.au/job/37457593?type=standout
504,https://www.seek.com.au/job/37456182?type=standout
505,https://www.seek.com.au/job/37455365?type=standard
506,https://www.seek.com.au/job/37455155?type=standout
507,https://www.seek.com.au/job/37455106?type=standard
508,https://www.seek.com.au/job/37454949?type=standard
509,https://www.seek.com.au/job/37454603?type=standard
510,https://www.seek.com.au/job/37453897?type=standard
511,https://www.seek.com.au/job/37457931?type=standard
512,https://www.seek.com.au/job/37453493?type=standard
513,https://www.seek.com.au/job/37457972?type=standout
514,https://www.seek.com.au/job/37456596?type=standout
515,https://www.seek.com.au/job/37276050?type=standard
516,https://www.seek.com.au/job/37457174?type=standout
517,https://www.seek.com.au/job/37456233?type=standout
518,https://www.seek.com.au/job/37451845?type=standout
519,https://www.seek.com.au/job/37451755?type=standout
520,https://www.seek.com.au/job/37455859?type=standout
521,https://www.seek.com.au/job/37451718?type=standard
522,https://www.seek.com.au/job/37451717?type=standard
523,https://www.seek.com.au/job/37451130?type=standout
524,https://www.seek.com.au/job/37454472?type=standard
525,https://www.seek.com.au/job/37450785?type=standard
526,https://www.seek.com.au/job/37450906?type=standard
527,https://www.seek.com.au/job/37454379?type=standard
528,https://www.seek.com.au/job/37454595?type=standout
529,https://www.seek.com.au/job/37450541?type=standout
530,https://www.seek.com.au/job/37450601?type=standout
531,https://www.seek.com.au/job/37450527?type=standard
532,https://www.seek.com.au/job/37450401?type=standard
533,https://www.seek.com.au/job/37450254?type=standard
534,https://www.seek.com.au/job/37454183?type=standout
535,https://www.seek.com.au/job/37449235?type=standard
536,https://www.seek.com.au/job/37449193?type=standard
537,https://www.seek.com.au/job/37449262?type=standard
538,https://www.seek.com.au/job/37378290?type=standout
539,https://www.seek.com.au/job/37452855?type=standout
540,https://www.seek.com.au/job/37452856?type=standout
541,https://www.seek.com.au/job/37448986?type=standard
542,https://www.seek.com.au/job/37448815?type=standard
543,https://www.seek.com.au/job/37452207?type=standard
544,https://www.seek.com.au/job/37452206?type=standard
545,https://www.seek.com.au/job/37452403?type=standard
546,https://www.seek.com.au/job/37450707?type=standard
547,https://www.seek.com.au/job/37525584?type=standard
548,https://www.seek.com.au/job/37450174?type=standout
549,https://www.seek.com.au/job/37450040?type=standout
550,https://www.seek.com.au/job/37449528?type=standout
551,https://www.seek.com.au/job/37448155?type=standard
552,https://www.seek.com.au/job/37448069?type=standout
553,https://www.seek.com.au/job/37448055?type=standout
554,https://www.seek.com.au/job/37372439?type=standard
555,https://www.seek.com.au/job/37447047?type=standard
556,https://www.seek.com.au/job/37447002?type=standout
557,https://www.seek.com.au/job/37446662?type=standard
558,https://www.seek.com.au/job/37446650?type=standard
559,https://www.seek.com.au/job/37446647?type=standout
560,https://www.seek.com.au/job/37446283?type=standard
561,https://www.seek.com.au/job/37445961?type=standout
562,https://www.seek.com.au/job/37445712?type=standard
563,https://www.seek.com.au/job/37445787?type=standout
564,https://www.seek.com.au/job/37445597?type=standard
565,https://www.seek.com.au/job/37445638?type=standout
566,https://www.seek.com.au/job/37445153?type=standout
567,https://www.seek.com.au/job/37444193?type=standard
568,https://www.seek.com.au/job/37443956?type=standard
569,https://www.seek.com.au/job/37443666?type=standard
570,https://www.seek.com.au/job/37443648?type=standout
571,https://www.seek.com.au/job/37446693?type=standout
572,https://www.seek.com.au/job/37446833?type=standard
573,https://www.seek.com.au/job/36078895?type=standard
574,https://www.seek.com.au/job/37443109?type=standard
575,https://www.seek.com.au/job/37443110?type=standard
576,https://www.seek.com.au/job/37442972?type=standout
577,https://www.seek.com.au/job/37442973?type=standout
578,https://www.seek.com.au/job/37442690?type=standard
579,https://www.seek.com.au/job/37445841?type=standard
580,https://www.seek.com.au/job/37445840?type=standard
581,https://www.seek.com.au/job/37446227?type=standard
582,https://www.seek.com.au/job/37441821?type=standard
583,https://www.seek.com.au/job/37444221?type=standout
584,https://www.seek.com.au/job/37441511?type=standout
585,https://www.seek.com.au/job/37443767?type=standard
586,https://www.seek.com.au/job/37440972?type=standout
587,https://www.seek.com.au/job/37443433?type=standard
588,https://www.seek.com.au/job/37440483?type=standard
589,https://www.seek.com.au/job/37440317?type=standout
590,https://www.seek.com.au/job/37442989?type=standard
591,https://www.seek.com.au/job/37443138?type=standout
592,https://www.seek.com.au/job/37439813?type=standard
593,https://www.seek.com.au/job/37442297?type=standout
594,https://www.seek.com.au/job/37442286?type=standard
595,https://www.seek.com.au/job/37439415?type=standard
596,https://www.seek.com.au/job/37442659?type=standard
597,https://www.seek.com.au/job/37442099?type=standout
598,https://www.seek.com.au/job/37438776?type=standout
599,https://www.seek.com.au/job/37438846?type=standout
600,https://www.seek.com.au/job/37438847?type=standout
601,https://www.seek.com.au/job/37438728?type=standout
602,https://www.seek.com.au/job/37438995?type=standard
603,https://www.seek.com.au/job/37438070?type=standout
604,https://www.seek.com.au/job/37374944?type=standout
605,https://www.seek.com.au/job/37374799?type=standout
606,https://www.seek.com.au/job/37436880?type=standout
607,https://www.seek.com.au/job/37437221?type=standout
608,https://www.seek.com.au/job/37436841?type=standout
609,https://www.seek.com.au/job/37436577?type=standard
610,https://www.seek.com.au/job/37436471?type=standard
611,https://www.seek.com.au/job/37435781?type=standout
612,https://www.seek.com.au/job/37437019?type=standout
613,https://www.seek.com.au/job/37435151?type=standout
614,https://www.seek.com.au/job/37434683?type=standard
615,https://www.seek.com.au/job/37433948?type=standard
616,https://www.seek.com.au/job/37436617?type=standard
617,https://www.seek.com.au/job/37433017?type=standard
618,https://www.seek.com.au/job/37436040?type=standard
619,https://www.seek.com.au/job/37432285?type=standard
620,https://www.seek.com.au/job/37432115?type=standout
621,https://www.seek.com.au/job/37434732?type=standout
622,https://www.seek.com.au/job/37431735?type=standard
623,https://www.seek.com.au/job/37434293?type=standard
624,https://www.seek.com.au/job/37431709?type=standard
625,https://www.seek.com.au/job/37431688?type=standard
626,https://www.seek.com.au/job/37431183?type=standard
627,https://www.seek.com.au/job/37434065?type=standout
628,https://www.seek.com.au/job/37434064?type=standout
629,https://www.seek.com.au/job/37433617?type=standard
630,https://www.seek.com.au/job/37433612?type=standard
631,https://www.seek.com.au/job/37429493?type=standard
632,https://www.seek.com.au/job/37429281?type=standard
633,https://www.seek.com.au/job/37406050?type=standout
634,https://www.seek.com.au/job/37428938?type=standout
635,https://www.seek.com.au/job/37428242?type=standard
636,https://www.seek.com.au/job/37429651?type=standard
637,https://www.seek.com.au/job/37429584?type=standard
638,https://www.seek.com.au/job/37429335?type=standout
639,https://www.seek.com.au/job/37429318?type=standout
640,https://www.seek.com.au/job/37427249?type=standard
641,https://www.seek.com.au/job/37427250?type=standard
642,https://www.seek.com.au/job/37428813?type=standard
643,https://www.seek.com.au/job/37428925?type=standout
644,https://www.seek.com.au/job/37427676?type=standard
645,https://www.seek.com.au/job/37427976?type=standard
646,https://www.seek.com.au/job/37426041?type=standard
647,https://www.seek.com.au/job/37425915?type=standout
648,https://www.seek.com.au/job/37425665?type=standard
649,https://www.seek.com.au/job/37425365?type=standout
650,https://www.seek.com.au/job/37425151?type=standout
651,https://www.seek.com.au/job/37425049?type=standard
652,https://www.seek.com.au/job/37424929?type=standard
653,https://www.seek.com.au/job/37424891?type=standard
654,https://www.seek.com.au/job/37424890?type=standard
655,https://www.seek.com.au/job/37424417?type=standard
656,https://www.seek.com.au/job/37424494?type=standard
657,https://www.seek.com.au/job/37424366?type=standard
658,https://www.seek.com.au/job/37424249?type=standout
659,https://www.seek.com.au/job/37424018?type=standard
660,https://www.seek.com.au/job/37423759?type=standout
661,https://www.seek.com.au/job/37423723?type=standout
662,https://www.seek.com.au/job/37423664?type=standout
663,https://www.seek.com.au/job/37423657?type=standard
664,https://www.seek.com.au/job/37425866?type=standard
665,https://www.seek.com.au/job/37423237?type=standard
666,https://www.seek.com.au/job/37423180?type=standard
667,https://www.seek.com.au/job/37423080?type=standard
668,https://www.seek.com.au/job/37422986?type=standout
669,https://www.seek.com.au/job/37422976?type=standard
670,https://www.seek.com.au/job/37422860?type=standard
671,https://www.seek.com.au/job/37425556?type=standout
672,https://www.seek.com.au/job/37422572?type=standard
673,https://www.seek.com.au/job/37422392?type=standard
674,https://www.seek.com.au/job/37422169?type=standout
675,https://www.seek.com.au/job/37424749?type=standard
676,https://www.seek.com.au/job/37421568?type=standard
677,https://www.seek.com.au/job/37424606?type=standard
678,https://www.seek.com.au/job/37423816?type=standout
679,https://www.seek.com.au/job/37423480?type=standout
680,https://www.seek.com.au/job/37419895?type=standout
681,https://www.seek.com.au/job/37419721?type=standard
682,https://www.seek.com.au/job/37418940?type=standard
683,https://www.seek.com.au/job/37418941?type=standard
684,https://www.seek.com.au/job/37422211?type=standard
685,https://www.seek.com.au/job/37422208?type=standard
686,https://www.seek.com.au/job/37422133?type=standout
687,https://www.seek.com.au/job/37421882?type=standout
688,https://www.seek.com.au/job/37418299?type=standard
689,https://www.seek.com.au/job/37417979?type=standout
690,https://www.seek.com.au/job/37417718?type=standout
691,https://www.seek.com.au/job/37417537?type=standout
692,https://www.seek.com.au/job/37416987?type=standard
693,https://www.seek.com.au/job/37419255?type=standout
694,https://www.seek.com.au/job/37419443?type=standard
695,https://www.seek.com.au/job/37419442?type=standard
696,https://www.seek.com.au/job/37385710?type=standard
697,https://www.seek.com.au/job/37451289?type=standard
698,https://www.seek.com.au/job/37463646?type=standard
699,https://www.seek.com.au/job/37500716?type=standard
700,https://www.seek.com.au/job/37500715?type=standard
701,https://www.seek.com.au/job/37436479?type=standard
702,https://www.seek.com.au/job/37342618?type=standard
703,https://www.seek.com.au/job/37479008?type=standard
704,https://www.seek.com.au/job/37507270?type=standout
705,https://www.seek.com.au/job/37413314?type=standard
706,https://www.seek.com.au/job/37413313?type=standard
707,https://www.seek.com.au/job/37413019?type=standard
708,https://www.seek.com.au/job/37413018?type=standard
709,https://www.seek.com.au/job/37412107?type=standard
710,https://www.seek.com.au/job/37411808?type=standout
711,https://www.seek.com.au/job/37414429?type=standout
712,https://www.seek.com.au/job/37410813?type=standout
713,https://www.seek.com.au/job/37410272?type=standard
714,https://www.seek.com.au/job/37409873?type=standout
715,https://www.seek.com.au/job/37412458?type=standout
716,https://www.seek.com.au/job/37412663?type=standout
717,https://www.seek.com.au/job/37409398?type=standard
718,https://www.seek.com.au/job/37394188?type=standard
719,https://www.seek.com.au/job/37409128?type=standout
720,https://www.seek.com.au/job/37409090?type=standout
721,https://www.seek.com.au/job/37411508?type=standout
722,https://www.seek.com.au/job/37411149?type=standout
723,https://www.seek.com.au/job/37407191?type=standard
724,https://www.seek.com.au/job/37406753?type=standout
725,https://www.seek.com.au/job/37406891?type=standard
726,https://www.seek.com.au/job/37406685?type=standout
727,https://www.seek.com.au/job/37406684?type=standout
728,https://www.seek.com.au/job/37409445?type=standard
729,https://www.seek.com.au/job/37409094?type=standard
730,https://www.seek.com.au/job/37406150?type=standard
731,https://www.seek.com.au/job/37406118?type=standout
732,https://www.seek.com.au/job/37405322?type=standard
733,https://www.seek.com.au/job/37536330?type=standard
734,https://www.seek.com.au/job/37536326?type=standard
735,https://www.seek.com.au/job/37406545?type=standard
736,https://www.seek.com.au/job/37406490?type=standout
737,https://www.seek.com.au/job/37406795?type=standout
738,https://www.seek.com.au/job/37405005?type=standout
739,https://www.seek.com.au/job/37529409?type=standout
740,https://www.seek.com.au/job/37529359?type=standout
741,https://www.seek.com.au/job/37535086?type=standard
742,https://www.seek.com.au/job/37535088?type=standard
743,https://www.seek.com.au/job/37535087?type=standard
744,https://www.seek.com.au/job/37534637?type=standout
745,https://www.seek.com.au/job/37403654?type=standard
746,https://www.seek.com.au/job/37533823?type=standout
747,https://www.seek.com.au/job/37533654?type=standard
748,https://www.seek.com.au/job/37403603?type=standout
749,https://www.seek.com.au/job/37395309?type=standout
750,https://www.seek.com.au/job/37395092?type=standout
751,https://www.seek.com.au/job/37522822?type=standout
752,https://www.seek.com.au/job/37533089?type=standard
753,https://www.seek.com.au/job/37442619?type=standout
754,https://www.seek.com.au/job/37442620?type=standout
755,https://www.seek.com.au/job/37402920?type=standard
756,https://www.seek.com.au/job/37402898?type=standard
757,https://www.seek.com.au/job/37470414?type=standout
758,https://www.seek.com.au/job/37402211?type=standout
759,https://www.seek.com.au/job/37402238?type=standard
760,https://www.seek.com.au/job/37344996?type=standout
761,https://www.seek.com.au/job/37401040?type=standout
762,https://www.seek.com.au/job/37400800?type=standout
763,https://www.seek.com.au/job/37400520?type=standard
764,https://www.seek.com.au/job/37400185?type=standard
765,https://www.seek.com.au/job/37433297?type=standard
766,https://www.seek.com.au/job/37400035?type=standout
767,https://www.seek.com.au/job/37399876?type=standard
768,https://www.seek.com.au/job/37399751?type=standout
769,https://www.seek.com.au/job/37399301?type=standout
770,https://www.seek.com.au/job/37399216?type=standout
771,https://www.seek.com.au/job/37399148?type=standout
772,https://www.seek.com.au/job/37337580?type=standard
773,https://www.seek.com.au/job/37398570?type=standard
774,https://www.seek.com.au/job/37401048?type=standout
775,https://www.seek.com.au/job/37397963?type=standard
776,https://www.seek.com.au/job/37397946?type=standard
777,https://www.seek.com.au/job/37299263?type=standard
778,https://www.seek.com.au/job/37397932?type=standard
779,https://www.seek.com.au/job/37397917?type=standard
780,https://www.seek.com.au/job/37397886?type=standard
781,https://www.seek.com.au/job/37400916?type=standard
782,https://www.seek.com.au/job/37400571?type=standout
783,https://www.seek.com.au/job/37400400?type=standard
784,https://www.seek.com.au/job/37397474?type=standout
785,https://www.seek.com.au/job/37400108?type=standard
786,https://www.seek.com.au/job/37399681?type=standout
787,https://www.seek.com.au/job/37397074?type=standard
788,https://www.seek.com.au/job/37396768?type=standard
789,https://www.seek.com.au/job/37396725?type=standard
790,https://www.seek.com.au/job/37396606?type=standout
791,https://www.seek.com.au/job/37396483?type=standout
792,https://www.seek.com.au/job/37396104?type=standout
793,https://www.seek.com.au/job/37379935?type=standout
794,https://www.seek.com.au/job/37392381?type=standard
795,https://www.seek.com.au/job/37391868?type=standard
796,https://www.seek.com.au/job/37393372?type=standout
797,https://www.seek.com.au/job/37391318?type=standout
798,https://www.seek.com.au/job/37180502?type=standout
799,https://www.seek.com.au/job/37392091?type=standout
800,https://www.seek.com.au/job/37163483?type=standout
801,https://www.seek.com.au/job/37163509?type=standout
802,https://www.seek.com.au/job/37331150?type=standout
803,https://www.seek.com.au/job/37338094?type=standard
804,https://www.seek.com.au/job/37390132?type=standout
805,https://www.seek.com.au/job/37452859?type=standout
806,https://www.seek.com.au/job/37336715?type=standard
807,https://www.seek.com.au/job/37389676?type=standard
808,https://www.seek.com.au/job/37389532?type=standard
809,https://www.seek.com.au/job/37389422?type=standard
810,https://www.seek.com.au/job/37389318?type=standout
811,https://www.seek.com.au/job/37202468?type=standard
812,https://www.seek.com.au/job/37389044?type=standout
813,https://www.seek.com.au/job/37389010?type=standout
814,https://www.seek.com.au/job/37388831?type=standard
815,https://www.seek.com.au/job/37388540?type=standard
816,https://www.seek.com.au/job/37388280?type=standout
817,https://www.seek.com.au/job/37388253?type=standard
818,https://www.seek.com.au/job/37387937?type=standard
819,https://www.seek.com.au/job/37389534?type=standard
820,https://www.seek.com.au/job/37389484?type=standard
821,https://www.seek.com.au/job/37386737?type=standard
822,https://www.seek.com.au/job/37386679?type=standard
823,https://www.seek.com.au/job/37388975?type=standout
824,https://www.seek.com.au/job/37388334?type=standout
825,https://www.seek.com.au/job/37388222?type=standard
826,https://www.seek.com.au/job/37386250?type=standard
827,https://www.seek.com.au/job/37388297?type=standout
828,https://www.seek.com.au/job/37333650?type=standout
829,https://www.seek.com.au/job/37385749?type=standout
830,https://www.seek.com.au/job/37385769?type=standout
831,https://www.seek.com.au/job/37385876?type=standard
832,https://www.seek.com.au/job/37383907?type=standard
833,https://www.seek.com.au/job/37383468?type=standard
834,https://www.seek.com.au/job/37383436?type=standout
835,https://www.seek.com.au/job/37383261?type=standard
836,https://www.seek.com.au/job/37383038?type=standard
837,https://www.seek.com.au/job/37384975?type=standout
838,https://www.seek.com.au/job/37382703?type=standard
839,https://www.seek.com.au/job/37382692?type=standout
840,https://www.seek.com.au/job/37384593?type=standard
841,https://www.seek.com.au/job/37382221?type=standard
842,https://www.seek.com.au/job/37382141?type=standout
843,https://www.seek.com.au/job/37382197?type=standard
844,https://www.seek.com.au/job/37382000?type=standout
845,https://www.seek.com.au/job/37381337?type=standout
846,https://www.seek.com.au/job/37381325?type=standout
847,https://www.seek.com.au/job/37382980?type=standout
848,https://www.seek.com.au/job/37380977?type=standout
849,https://www.seek.com.au/job/37380917?type=standard
850,https://www.seek.com.au/job/37382731?type=standout
851,https://www.seek.com.au/job/37382293?type=standard
852,https://www.seek.com.au/job/37529909?type=standard
853,https://www.seek.com.au/job/37529759?type=standout
854,https://www.seek.com.au/job/37377330?type=standard
855,https://www.seek.com.au/job/37527844?type=standard
856,https://www.seek.com.au/job/37527712?type=standard
857,https://www.seek.com.au/job/37527762?type=standout
858,https://www.seek.com.au/job/37504184?type=standout
859,https://www.seek.com.au/job/37438198?type=standout
860,https://www.seek.com.au/job/37438197?type=standout
861,https://www.seek.com.au/job/37379749?type=standard
862,https://www.seek.com.au/job/37379885?type=standout
863,https://www.seek.com.au/job/37051721?type=standard
864,https://www.seek.com.au/job/37379767?type=standard
865,https://www.seek.com.au/job/37379269?type=standout
866,https://www.seek.com.au/job/37379124?type=standard
867,https://www.seek.com.au/job/37379556?type=standard
868,https://www.seek.com.au/job/37378384?type=standard
869,https://www.seek.com.au/job/37523538?type=standout
870,https://www.seek.com.au/job/37377873?type=standard
871,https://www.seek.com.au/job/37377959?type=standout
872,https://www.seek.com.au/job/37379378?type=standard
873,https://www.seek.com.au/job/37376705?type=standard
874,https://www.seek.com.au/job/37378583?type=standout
875,https://www.seek.com.au/job/37522680?type=standout
876,https://www.seek.com.au/job/37377350?type=standard
877,https://www.seek.com.au/job/37375311?type=standard
878,https://www.seek.com.au/job/37375186?type=standout
879,https://www.seek.com.au/job/37375504?type=standout
880,https://www.seek.com.au/job/37486853?type=standout
881,https://www.seek.com.au/job/37373273?type=standout
882,https://www.seek.com.au/job/37374797?type=standout
883,https://www.seek.com.au/job/37521175?type=standard
884,https://www.seek.com.au/job/37521176?type=standard
885,https://www.seek.com.au/job/37372513?type=standout
886,https://www.seek.com.au/job/37373815?type=standout
887,https://www.seek.com.au/job/37371606?type=standard
888,https://www.seek.com.au/job/37371357?type=standard
889,https://www.seek.com.au/job/37371301?type=standard
890,https://www.seek.com.au/job/37372911?type=standout
891,https://www.seek.com.au/job/37370880?type=standout
892,https://www.seek.com.au/job/37370678?type=standout
893,https://www.seek.com.au/job/37370363?type=standard
894,https://www.seek.com.au/job/37372495?type=standout
895,https://www.seek.com.au/job/37371697?type=standard
896,https://www.seek.com.au/job/37316192?type=standout
897,https://www.seek.com.au/job/37316189?type=standout
898,https://www.seek.com.au/job/37479497?type=standout
899,https://www.seek.com.au/job/37479136?type=standout
900,https://www.seek.com.au/job/37368962?type=standard
901,https://www.seek.com.au/job/37473802?type=standout
902,https://www.seek.com.au/job/37473801?type=standout
903,https://www.seek.com.au/job/37320918?type=standout
904,https://www.seek.com.au/job/37472214?type=standout
905,https://www.seek.com.au/job/37368551?type=standard
906,https://www.seek.com.au/job/37368550?type=standard
907,https://www.seek.com.au/job/37465645?type=standout
908,https://www.seek.com.au/job/37368300?type=standard
909,https://www.seek.com.au/job/37367727?type=standard
910,https://www.seek.com.au/job/37366457?type=standard
911,https://www.seek.com.au/job/37366126?type=standard
912,https://www.seek.com.au/job/37365953?type=standout
913,https://www.seek.com.au/job/37365408?type=standard
914,https://www.seek.com.au/job/37365384?type=standout
915,https://www.seek.com.au/job/37365204?type=standard
916,https://www.seek.com.au/job/37365195?type=standard
917,https://www.seek.com.au/job/37365068?type=standard
918,https://www.seek.com.au/job/37364859?type=standout
919,https://www.seek.com.au/job/37366470?type=standout
920,https://www.seek.com.au/job/37363911?type=standard
921,https://www.seek.com.au/job/37365316?type=standout
922,https://www.seek.com.au/job/37362725?type=standout
923,https://www.seek.com.au/job/37362682?type=standout
924,https://www.seek.com.au/job/37362026?type=standout
925,https://www.seek.com.au/job/37363607?type=standout
926,https://www.seek.com.au/job/37361214?type=standard
927,https://www.seek.com.au/job/37361116?type=standard
928,https://www.seek.com.au/job/37360850?type=standard
929,https://www.seek.com.au/job/37362160?type=standout
930,https://www.seek.com.au/job/37361360?type=standout
931,https://www.seek.com.au/job/37359175?type=standard
932,https://www.seek.com.au/job/37359889?type=standard
933,https://www.seek.com.au/job/37359211?type=standard
934,https://www.seek.com.au/job/37358660?type=standout
935,https://www.seek.com.au/job/37313540?type=standard
936,https://www.seek.com.au/job/37518816?type=standout
937,https://www.seek.com.au/job/37308695?type=standard
938,https://www.seek.com.au/job/37140135?type=standard
939,https://www.seek.com.au/job/37355379?type=standout
940,https://www.seek.com.au/job/37305396?type=standout
941,https://www.seek.com.au/job/37355754?type=standout
942,https://www.seek.com.au/job/37518012?type=standout
943,https://www.seek.com.au/job/37517574?type=standout
944,https://www.seek.com.au/job/37517314?type=standout
945,https://www.seek.com.au/job/37352927?type=standard
946,https://www.seek.com.au/job/37516364?type=standard
947,https://www.seek.com.au/job/37514408?type=standout
948,https://www.seek.com.au/job/37514658?type=standout
949,https://www.seek.com.au/job/37515102?type=standard
950,https://www.seek.com.au/job/37514826?type=standout
951,https://www.seek.com.au/job/37352455?type=standout
952,https://www.seek.com.au/job/37510809?type=standard
953,https://www.seek.com.au/job/37508123?type=standard
954,https://www.seek.com.au/job/37298762?type=standout
955,https://www.seek.com.au/job/37269601?type=standard
956,https://www.seek.com.au/job/37505600?type=standard
957,https://www.seek.com.au/job/37504592?type=standard
958,https://www.seek.com.au/job/37503469?type=standout
959,https://www.seek.com.au/job/37504076?type=standout
960,https://www.seek.com.au/job/37500302?type=standard
961,https://www.seek.com.au/job/37499630?type=standard
962,https://www.seek.com.au/job/37499612?type=standard
963,https://www.seek.com.au/job/37351119?type=standard
964,https://www.seek.com.au/job/37497560?type=standout
965,https://www.seek.com.au/job/37496897?type=standard
966,https://www.seek.com.au/job/37496288?type=standard
967,https://www.seek.com.au/job/37264921?type=standout
968,https://www.seek.com.au/job/37494514?type=standout
969,https://www.seek.com.au/job/37494781?type=standout
970,https://www.seek.com.au/job/37493904?type=standout
971,https://www.seek.com.au/job/37494072?type=standard
972,https://www.seek.com.au/job/37493548?type=standout
973,https://www.seek.com.au/job/37493331?type=standard
974,https://www.seek.com.au/job/37490012?type=standard
975,https://www.seek.com.au/job/37489522?type=standout
976,https://www.seek.com.au/job/37486876?type=standout
977,https://www.seek.com.au/job/37486875?type=standout
978,https://www.seek.com.au/job/37350464?type=standout
979,https://www.seek.com.au/job/37486372?type=standout
980,https://www.seek.com.au/job/37313268?type=standard
981,https://www.seek.com.au/job/37350299?type=standout
982,https://www.seek.com.au/job/37475486?type=standard
983,https://www.seek.com.au/job/37314569?type=standard
984,https://www.seek.com.au/job/37472336?type=standout
985,https://www.seek.com.au/job/37470521?type=standard
986,https://www.seek.com.au/job/37469664?type=standard
987,https://www.seek.com.au/job/37468503?type=standout
988,https://www.seek.com.au/job/37468493?type=standout
989,https://www.seek.com.au/job/37467991?type=standout
990,https://www.seek.com.au/job/37468034?type=standard
991,https://www.seek.com.au/job/37467146?type=standard
992,https://www.seek.com.au/job/37465384?type=standard
993,https://www.seek.com.au/job/37462981?type=standard
994,https://www.seek.com.au/job/37349707?type=standard
995,https://www.seek.com.au/job/37349469?type=standard
996,https://www.seek.com.au/job/37348927?type=standout
997,https://www.seek.com.au/job/37460114?type=standout
998,https://www.seek.com.au/job/37330691?type=standard
999,https://www.seek.com.au/job/37459154?type=standard
1000,https://www.seek.com.au/job/37458468?type=standard
1001,https://www.seek.com.au/job/37458020?type=standout
1002,https://www.seek.com.au/job/37455374?type=standout
1003,https://www.seek.com.au/job/37454746?type=standard
1004,https://www.seek.com.au/job/37348484?type=standout
1005,https://www.seek.com.au/job/37453197?type=standard
1006,https://www.seek.com.au/job/37452914?type=standout
1007,https://www.seek.com.au/job/37452906?type=standard
1008,https://www.seek.com.au/job/37451636?type=standard
1009,https://www.seek.com.au/job/37348530?type=standout
1010,https://www.seek.com.au/job/37449914?type=standard
1011,https://www.seek.com.au/job/37449041?type=standout
1012,https://www.seek.com.au/job/37448906?type=standout
1013,https://www.seek.com.au/job/37448462?type=standout
1014,https://www.seek.com.au/job/37448456?type=standout
1015,https://www.seek.com.au/job/37346435?type=standout
1016,https://www.seek.com.au/job/37345299?type=standard
1017,https://www.seek.com.au/job/37344603?type=standout
1018,https://www.seek.com.au/job/37344015?type=standout
1019,https://www.seek.com.au/job/37344006?type=standard
1020,https://www.seek.com.au/job/37345510?type=standard
1021,https://www.seek.com.au/job/37343902?type=standout
1022,https://www.seek.com.au/job/37343869?type=standard
1023,https://www.seek.com.au/job/37345509?type=standard
1024,https://www.seek.com.au/job/37343650?type=standard
1025,https://www.seek.com.au/job/37343513?type=standard
1026,https://www.seek.com.au/job/37343453?type=standard
1027,https://www.seek.com.au/job/37344680?type=standout
1028,https://www.seek.com.au/job/37344089?type=standout
1029,https://www.seek.com.au/job/37342722?type=standout
1030,https://www.seek.com.au/job/37342160?type=standout
1031,https://www.seek.com.au/job/37342074?type=standard
1032,https://www.seek.com.au/job/37342032?type=standout
1033,https://www.seek.com.au/job/37341014?type=standout
1034,https://www.seek.com.au/job/37342009?type=standard
1035,https://www.seek.com.au/job/37340777?type=standout
1036,https://www.seek.com.au/job/37340763?type=standard
1037,https://www.seek.com.au/job/37446932?type=standout
1038,https://www.seek.com.au/job/37340549?type=standard
1039,https://www.seek.com.au/job/37341386?type=standard
1040,https://www.seek.com.au/job/37444884?type=standard
1041,https://www.seek.com.au/job/37443818?type=standard
1042,https://www.seek.com.au/job/37438639?type=standout
1043,https://www.seek.com.au/job/37435688?type=standout
1044,https://www.seek.com.au/job/37434125?type=standout
1045,https://www.seek.com.au/job/37434099?type=standard
1046,https://www.seek.com.au/job/37431662?type=standout
1047,https://www.seek.com.au/job/37338267?type=standard
1048,https://www.seek.com.au/job/37338170?type=standout
1049,https://www.seek.com.au/job/37427927?type=standard
1050,https://www.seek.com.au/job/37337984?type=standard
1051,https://www.seek.com.au/job/37337844?type=standout
1052,https://www.seek.com.au/job/37337447?type=standard
1053,https://www.seek.com.au/job/37336857?type=standard
1054,https://www.seek.com.au/job/37505397?type=standout
1055,https://www.seek.com.au/job/37522641?type=standard
1056,https://www.seek.com.au/job/37402885?type=standard
1057,https://www.seek.com.au/job/37426892?type=standout
1058,https://www.seek.com.au/job/37537323?type=standard
1059,https://www.seek.com.au/job/37531209?type=standard
1060,https://www.seek.com.au/job/37384232?type=standout
1061,https://www.seek.com.au/job/37330927?type=standard
1062,https://www.seek.com.au/job/37471483?type=standard
1063,https://www.seek.com.au/job/37320796?type=standout
1064,https://www.seek.com.au/job/37471814?type=standout
1065,https://www.seek.com.au/job/37387517?type=standout
1066,https://www.seek.com.au/job/37499697?type=standard
1067,https://www.seek.com.au/job/37332059?type=standard
1068,https://www.seek.com.au/job/37331964?type=standout
1069,https://www.seek.com.au/job/37331765?type=standard
1070,https://www.seek.com.au/job/37332533?type=standard
1071,https://www.seek.com.au/job/37330396?type=standard
1072,https://www.seek.com.au/job/37330145?type=standard
1073,https://www.seek.com.au/job/37329860?type=standard
1074,https://www.seek.com.au/job/37425639?type=standout
1075,https://www.seek.com.au/job/37329741?type=standard
1076,https://www.seek.com.au/job/37331141?type=standout
1077,https://www.seek.com.au/job/37330557?type=standard
1078,https://www.seek.com.au/job/37424722?type=standard
1079,https://www.seek.com.au/job/37328409?type=standout
1080,https://www.seek.com.au/job/37423508?type=standout
1081,https://www.seek.com.au/job/37422991?type=standard
1082,https://www.seek.com.au/job/37329520?type=standout
1083,https://www.seek.com.au/job/37421850?type=standard
1084,https://www.seek.com.au/job/37328897?type=standard
1085,https://www.seek.com.au/job/37395744?type=standout
1086,https://www.seek.com.au/job/37420215?type=standard
1087,https://www.seek.com.au/job/37418407?type=standout
1088,https://www.seek.com.au/job/37417995?type=standout
1089,https://www.seek.com.au/job/37416926?type=standard
1090,https://www.seek.com.au/job/37415137?type=standard
1091,https://www.seek.com.au/job/37415001?type=standout
1092,https://www.seek.com.au/job/37328265?type=standout
1093,https://www.seek.com.au/job/37413919?type=standout
1094,https://www.seek.com.au/job/37413896?type=standout
1095,https://www.seek.com.au/job/37413864?type=standout
1096,https://www.seek.com.au/job/37327928?type=standout
1097,https://www.seek.com.au/job/37327887?type=standard
1098,https://www.seek.com.au/job/37412138?type=standout
1099,https://www.seek.com.au/job/37411414?type=standard
1100,https://www.seek.com.au/job/37327739?type=standout
1101,https://www.seek.com.au/job/37326991?type=standout
1102,https://www.seek.com.au/job/37327751?type=standout
1103,https://www.seek.com.au/job/37326713?type=standard
1104,https://www.seek.com.au/job/37407986?type=standout
1105,https://www.seek.com.au/job/37091257?type=standout
1106,https://www.seek.com.au/job/37326157?type=standard
1107,https://www.seek.com.au/job/37325743?type=standard
1108,https://www.seek.com.au/job/37325655?type=standout
1109,https://www.seek.com.au/job/37326199?type=standard
1110,https://www.seek.com.au/job/37323571?type=standard
1111,https://www.seek.com.au/job/37324805?type=standard
1112,https://www.seek.com.au/job/37324507?type=standard
1113,https://www.seek.com.au/job/37324368?type=standard
1114,https://www.seek.com.au/job/37323607?type=standard
1115,https://www.seek.com.au/job/37322208?type=standard
1116,https://www.seek.com.au/job/37322137?type=standout
1117,https://www.seek.com.au/job/37323201?type=standout
1118,https://www.seek.com.au/job/37321874?type=standard
1119,https://www.seek.com.au/job/37320003?type=standard
1120,https://www.seek.com.au/job/37321344?type=standout
1121,https://www.seek.com.au/job/37319381?type=standout
1122,https://www.seek.com.au/job/37319799?type=standard
1123,https://www.seek.com.au/job/37319432?type=standout
1124,https://www.seek.com.au/job/37319394?type=standard
1125,https://www.seek.com.au/job/37317885?type=standout
1126,https://www.seek.com.au/job/37298848?type=standout
1127,https://www.seek.com.au/job/37317481?type=standard
1128,https://www.seek.com.au/job/37317174?type=standard
1129,https://www.seek.com.au/job/37316841?type=standout
1130,https://www.seek.com.au/job/37316751?type=standout
1131,https://www.seek.com.au/job/37316958?type=standout
1132,https://www.seek.com.au/job/37316057?type=standard
1133,https://www.seek.com.au/job/37315918?type=standout
1134,https://www.seek.com.au/job/37315478?type=standard
1135,https://www.seek.com.au/job/37316821?type=standout
1136,https://www.seek.com.au/job/37315366?type=standard
1137,https://www.seek.com.au/job/37315011?type=standard
1138,https://www.seek.com.au/job/37314864?type=standard
1139,https://www.seek.com.au/job/37316053?type=standout
1140,https://www.seek.com.au/job/37313404?type=standard
1141,https://www.seek.com.au/job/37313254?type=standard
1142,https://www.seek.com.au/job/37312907?type=standard
1143,https://www.seek.com.au/job/37312685?type=standard
1144,https://www.seek.com.au/job/37311647?type=standard
1145,https://www.seek.com.au/job/37309907?type=standard
1146,https://www.seek.com.au/job/37310742?type=standout
1147,https://www.seek.com.au/job/37309248?type=standout
1148,https://www.seek.com.au/job/37308907?type=standard
1149,https://www.seek.com.au/job/37308862?type=standout
1150,https://www.seek.com.au/job/37308318?type=standout
1151,https://www.seek.com.au/job/37309220?type=standard
1152,https://www.seek.com.au/job/37308842?type=standout
1153,https://www.seek.com.au/job/36958400?type=standout
1154,https://www.seek.com.au/job/37399708?type=standout
1155,https://www.seek.com.au/job/37399953?type=standout
1156,https://www.seek.com.au/job/37399694?type=standout
1157,https://www.seek.com.au/job/37399663?type=standout
1158,https://www.seek.com.au/job/37399172?type=standout
1159,https://www.seek.com.au/job/37397136?type=standard
1160,https://www.seek.com.au/job/37394283?type=standout
1161,https://www.seek.com.au/job/37393320?type=standout
1162,https://www.seek.com.au/job/37393313?type=standout
1163,https://www.seek.com.au/job/37393307?type=standout
1164,https://www.seek.com.au/job/37392694?type=standard
1165,https://www.seek.com.au/job/37306234?type=standout
1166,https://www.seek.com.au/job/37305919?type=standout
1167,https://www.seek.com.au/job/37305303?type=standout
1168,https://www.seek.com.au/job/37305154?type=standard
1169,https://www.seek.com.au/job/37302564?type=standard
1170,https://www.seek.com.au/job/37302237?type=standard
1171,https://www.seek.com.au/job/37303464?type=standard
1172,https://www.seek.com.au/job/37303455?type=standout
1173,https://www.seek.com.au/job/37301652?type=standard
1174,https://www.seek.com.au/job/37302770?type=standard
1175,https://www.seek.com.au/job/37357026?type=standout
1176,https://www.seek.com.au/job/37300053?type=standard
1177,https://www.seek.com.au/job/37300994?type=standard
1178,https://www.seek.com.au/job/37299518?type=standout
1179,https://www.seek.com.au/job/37299178?type=standard
1180,https://www.seek.com.au/job/37298763?type=standout
1181,https://www.seek.com.au/job/37298793?type=standout
1182,https://www.seek.com.au/job/37390000?type=standard
1183,https://www.seek.com.au/job/37299335?type=standard
1184,https://www.seek.com.au/job/37297834?type=standout
1185,https://www.seek.com.au/job/37298874?type=standard
1186,https://www.seek.com.au/job/37298913?type=standard
1187,https://www.seek.com.au/job/37298623?type=standout
1188,https://www.seek.com.au/job/37387932?type=standout
1189,https://www.seek.com.au/job/37298614?type=standard
1190,https://www.seek.com.au/job/37298456?type=standout
1191,https://www.seek.com.au/job/37296477?type=standard
1192,https://www.seek.com.au/job/37296341?type=standard
1193,https://www.seek.com.au/job/37296299?type=standard
1194,https://www.seek.com.au/job/37386933?type=standout
1195,https://www.seek.com.au/job/37386916?type=standout
1196,https://www.seek.com.au/job/37386883?type=standout
1197,https://www.seek.com.au/job/37386321?type=standard
1198,https://www.seek.com.au/job/37295833?type=standout
1199,https://www.seek.com.au/job/37295794?type=standard
1200,https://www.seek.com.au/job/37295853?type=standout
1201,https://www.seek.com.au/job/37295316?type=standout
1202,https://www.seek.com.au/job/37351082?type=standout
1203,https://www.seek.com.au/job/37379229?type=standard
1204,https://www.seek.com.au/job/37378614?type=standout
1205,https://www.seek.com.au/job/37376305?type=standout
1206,https://www.seek.com.au/job/37374561?type=standout
1207,https://www.seek.com.au/job/37374453?type=standout
1208,https://www.seek.com.au/job/37374434?type=standout
1209,https://www.seek.com.au/job/37373377?type=standard
1210,https://www.seek.com.au/job/37372845?type=standout
1211,https://www.seek.com.au/job/37372200?type=standout
1212,https://www.seek.com.au/job/37372005?type=standout
1213,https://www.seek.com.au/job/37350820?type=standout
1214,https://www.seek.com.au/job/37336005?type=standout
1215,https://www.seek.com.au/job/37368825?type=standout
1216,https://www.seek.com.au/job/37368319?type=standard
1217,https://www.seek.com.au/job/37367847?type=standard
1218,https://www.seek.com.au/job/37367333?type=standout
1219,https://www.seek.com.au/job/37366833?type=standout
1220,https://www.seek.com.au/job/37365240?type=standout
1221,https://www.seek.com.au/job/37364820?type=standout
1222,https://www.seek.com.au/job/37364611?type=standout
1223,https://www.seek.com.au/job/37362687?type=standout
1224,https://www.seek.com.au/job/37359957?type=standard
1225,https://www.seek.com.au/job/37360033?type=standout
1226,https://www.seek.com.au/job/37355199?type=standard
1227,https://www.seek.com.au/job/37353850?type=standout
1228,https://www.seek.com.au/job/37054524?type=standout
1229,https://www.seek.com.au/job/37295620?type=standard
1230,https://www.seek.com.au/job/37323488?type=standout
1231,https://www.seek.com.au/job/37345727?type=standout
1232,https://www.seek.com.au/job/37344648?type=standout
1233,https://www.seek.com.au/job/37341304?type=standout
1234,https://www.seek.com.au/job/37071273?type=standout
1235,https://www.seek.com.au/job/37336260?type=standard
1236,https://www.seek.com.au/job/37334978?type=standard
1237,https://www.seek.com.au/job/37430003?type=standout
1238,https://www.seek.com.au/job/37331562?type=standout
1239,https://www.seek.com.au/job/37312711?type=standard
1240,https://www.seek.com.au/job/37310332?type=standout
1241,https://www.seek.com.au/job/37305765?type=standard
1242,https://www.seek.com.au/job/37305627?type=standard
1243,https://www.seek.com.au/job/37301128?type=standard
1244,https://www.seek.com.au/job/37301080?type=standard
1245,https://www.seek.com.au/job/37300099?type=standard
1246,https://www.seek.com.au/job/37296928?type=standard
1247,https://www.seek.com.au/job/37114464?type=standard
1248,https://www.seek.com.au/job/37098584?type=standard
1249,https://www.seek.com.au/job/37146827?type=standard
1250,https://www.seek.com.au/job/36103425?type=standard
1251,https://www.seek.com.au/job/37154590?type=standout
1252,https://www.seek.com.au/job/37169295?type=standard
1253,https://www.seek.com.au/job/36669055?type=standard
1254,https://www.seek.com.au/job/37423825?type=standard
1255,https://www.seek.com.au/job/37480525?type=standout
1256,https://www.seek.com.au/job/37295762?type=standout
1257,https://www.seek.com.au/job/37429757?type=standard
1258,https://www.seek.com.au/job/37321942?type=standard
1259,https://www.seek.com.au/job/37504383?type=standout
1260,https://www.seek.com.au/job/37425163?type=standout
1261,https://www.seek.com.au/job/37528224?type=standout
1262,https://www.seek.com.au/job/37311311?type=standard
1263,https://www.seek.com.au/job/37306889?type=standout
1264,https://www.seek.com.au/job/37331102?type=standout
1265,https://www.seek.com.au/job/37473132?type=standout
1266,https://www.seek.com.au/job/37496969?type=standout
1267,https://www.seek.com.au/job/37406385?type=standard
1268,https://www.seek.com.au/job/37483568?type=standout
1269,https://www.seek.com.au/job/37327396?type=standard
1270,https://www.seek.com.au/job/37431802?type=standard
1271,https://www.seek.com.au/job/37364733?type=standout
1272,https://www.seek.com.au/job/37494347?type=standard
1273,https://www.seek.com.au/job/37516562?type=standout
1274,https://www.seek.com.au/job/37470565?type=standout
1275,https://www.seek.com.au/job/37405899?type=standard
1276,https://www.seek.com.au/job/37296148?type=standard
1277,https://www.seek.com.au/job/37523193?type=standout
1278,https://www.seek.com.au/job/37528924?type=standout
1279,https://www.seek.com.au/job/37380928?type=standout
1280,https://www.seek.com.au/job/37479974?type=standout
1281,https://www.seek.com.au/job/37503882?type=standard
1282,https://www.seek.com.au/job/37503963?type=standard
1283,https://www.seek.com.au/job/37405552?type=standard
1284,https://www.seek.com.au/job/37411965?type=standard
1285,https://www.seek.com.au/job/37435581?type=standout
1286,https://www.seek.com.au/job/37344817?type=standout
1287,https://www.seek.com.au/job/37314368?type=standard
1288,https://www.seek.com.au/job/37337208?type=standout
1289,https://www.seek.com.au/job/37531244?type=standard
1290,https://www.seek.com.au/job/37470535?type=standout
1291,https://www.seek.com.au/job/37507432?type=standard
1292,https://www.seek.com.au/job/37507433?type=standard
1293,https://www.seek.com.au/job/37507480?type=standard
1294,https://www.seek.com.au/job/37507481?type=standard
1295,https://www.seek.com.au/job/37346614?type=standard
1296,https://www.seek.com.au/job/37302108?type=standard
1297,https://www.seek.com.au/job/37455195?type=standard
1298,https://www.seek.com.au/job/37352037?type=standout
1299,https://www.seek.com.au/job/37462474?type=standard
1300,https://www.seek.com.au/job/37452487?type=standout
1301,https://www.seek.com.au/job/37334822?type=standard
1302,https://www.seek.com.au/job/37513767?type=standout
1303,https://www.seek.com.au/job/37167642?type=standout
1304,https://www.seek.com.au/job/37482576?type=standout
1305,https://www.seek.com.au/job/37394539?type=standard
1306,https://www.seek.com.au/job/37330743?type=standard
1307,https://www.seek.com.au/job/37337063?type=standard
1308,https://www.seek.com.au/job/37346052?type=standard
1309,https://www.seek.com.au/job/37470729?type=standout
1310,https://www.seek.com.au/job/37386577?type=standard
1311,https://www.seek.com.au/job/37303303?type=standard
1312,https://www.seek.com.au/job/37457571?type=standard
1313,https://www.seek.com.au/job/37378859?type=standard
1314,https://www.seek.com.au/job/37484062?type=standout
1315,https://www.seek.com.au/job/37496981?type=standard
1316,https://www.seek.com.au/job/37362256?type=standard
1317,https://www.seek.com.au/job/37319945?type=standard
1318,https://www.seek.com.au/job/37413992?type=standout
1319,https://www.seek.com.au/job/37476967?type=standard
1320,https://www.seek.com.au/job/37448900?type=standout
1321,https://www.seek.com.au/job/37473669?type=standard
1322,https://www.seek.com.au/job/37405928?type=standard
1323,https://www.seek.com.au/job/37453110?type=standout
1324,https://www.seek.com.au/job/37387964?type=standard
1325,https://www.seek.com.au/job/37515450?type=standard
1326,https://www.seek.com.au/job/37515449?type=standard
1327,https://www.seek.com.au/job/37521057?type=standard
1328,https://www.seek.com.au/job/37367839?type=standard
1329,https://www.seek.com.au/job/37470749?type=standout
1330,https://www.seek.com.au/job/37490945?type=standard
1331,https://www.seek.com.au/job/37482301?type=standard
1332,https://www.seek.com.au/job/37338882?type=standout
1333,https://www.seek.com.au/job/37370607?type=standout
1334,https://www.seek.com.au/job/37406132?type=standard
1335,https://www.seek.com.au/job/37419161?type=standout
1336,https://www.seek.com.au/job/37508609?type=standard
1337,https://www.seek.com.au/job/37426295?type=standout
1338,https://www.seek.com.au/job/37366922?type=standard
1339,https://www.seek.com.au/job/37374878?type=standout
1340,https://www.seek.com.au/job/37362559?type=standout
1341,https://www.seek.com.au/job/37506930?type=standout
1342,https://www.seek.com.au/job/37498570?type=standout
1343,https://www.seek.com.au/job/37432800?type=standard
1344,https://www.seek.com.au/job/37433820?type=standard
1345,https://www.seek.com.au/job/37412047?type=standard
1346,https://www.seek.com.au/job/37376449?type=standard
1347,https://www.seek.com.au/job/37340780?type=standout
1348,https://www.seek.com.au/job/37515617?type=standout
1349,https://www.seek.com.au/job/37495239?type=standout
1350,https://www.seek.com.au/job/37509091?type=standout
1351,https://www.seek.com.au/job/37424026?type=standard
1352,https://www.seek.com.au/job/37447497?type=standout
1353,https://www.seek.com.au/job/37526795?type=standard
1354,https://www.seek.com.au/job/37506982?type=standard
1355,https://www.seek.com.au/job/37332544?type=standout
1356,https://www.seek.com.au/job/37332543?type=standout
1357,https://www.seek.com.au/job/37491083?type=standard
1358,https://www.seek.com.au/job/37533631?type=standard
1359,https://www.seek.com.au/job/37418714?type=standout
1360,https://www.seek.com.au/job/37400541?type=standout
1361,https://www.seek.com.au/job/37355692?type=standard
1362,https://www.seek.com.au/job/37420942?type=standout
1363,https://www.seek.com.au/job/37500045?type=standard
1364,https://www.seek.com.au/job/37494885?type=standout
1365,https://www.seek.com.au/job/37443751?type=standard
1366,https://www.seek.com.au/job/37427635?type=standard
1367,https://www.seek.com.au/job/37490924?type=standard
1368,https://www.seek.com.au/job/37490923?type=standard
1369,https://www.seek.com.au/job/37495294?type=standout
1370,https://www.seek.com.au/job/37495320?type=standard
1371,https://www.seek.com.au/job/37468190?type=standout
1372,https://www.seek.com.au/job/37463188?type=standard
1373,https://www.seek.com.au/job/37478392?type=standard
1374,https://www.seek.com.au/job/37478391?type=standard
1375,https://www.seek.com.au/job/37345839?type=standout
1376,https://www.seek.com.au/job/37459220?type=standard
1377,https://www.seek.com.au/job/37492550?type=standard
1378,https://www.seek.com.au/job/37507315?type=standard
